name,category,url
3D Segmenting,3D Design Tools,https://docs.vectric.com/docs/V12.0/Aspire/ENU/Help/form/Segment%203D%20Model/index.html
Add Draft to Model,3D Design Tools,https://docs.vectric.com/docs/V12.0/Aspire/ENU/Help/form/Add%20Draft%20to%20Model/index.html
Baking Components,3D Design Tools,https://docs.vectric.com/docs/V12.0/Aspire/ENU/Help/form/baking-components/index.html
Clearing or Splitting Components,3D Design Tools,https://docs.vectric.com/docs/V12.0/Aspire/ENU/Help/form/clearing-or-splitting-components/index.html
Create Component from Bitmap,3D Design Tools,https://docs.vectric.com/docs/V12.0/Aspire/ENU/Help/form/create-component-from-bitmap/index.html
Create Component from Visible Model,3D Design Tools,https://docs.vectric.com/docs/V12.0/Aspire/ENU/Help/form/create-component-from-visible-model/index.html
Create Cross Section Vector,3D Design Tools,https://docs.vectric.com/docs/V12.0/Aspire/ENU/Help/form/CrossSectionTool/index.html
Create Shape,3D Design Tools,https://docs.vectric.com/docs/V12.0/Aspire/ENU/Help/form/Create%20Shape/index.html
Create Shape - Angled,3D Design Tools,https://docs.vectric.com/docs/V12.0/Aspire/ENU/Help/form/Create%20Angled%20Shape/index.html
Create Shape - Custom,3D Design Tools,https://docs.vectric.com/docs/V12.0/Aspire/ENU/Help/form/Create%20Custom%20Shape/index.html
Create Shape - Plane,3D Design Tools,https://docs.vectric.com/docs/V12.0/Aspire/ENU/Help/form/Create%20Flat%20Plane/index.html
Create Shape - Round,3D Design Tools,https://docs.vectric.com/docs/V12.0/Aspire/ENU/Help/form/Create%20Round%20Shape/index.html
Create Shape - Smooth,3D Design Tools,https://docs.vectric.com/docs/V12.0/Aspire/ENU/Help/form/Create%20Smooth%20Shape/index.html
Create Texture Area,3D Design Tools,https://docs.vectric.com/docs/V12.0/Aspire/ENU/Help/form/Create%20Texture%20Area/index.html
Create Vector Boundary From Selected Components,3D Design Tools,https://docs.vectric.com/docs/V12.0/Aspire/ENU/Help/form/create-vector-boundary-from-selected-components/index.html
Create Zero Plane,3D Design Tools,https://docs.vectric.com/docs/V12.0/Aspire/ENU/Help/form/create-zero-plane/index.html
Emboss Component,3D Design Tools,https://docs.vectric.com/docs/V12.0/Aspire/ENU/Help/form/Emboss%20Component/index.html
Export Model as an STL File,3D Design Tools,https://docs.vectric.com/docs/V12.0/Aspire/ENU/Help/form/Export%20Model%20as%20an%20STL%20file/index.html
Extrude and Weave,3D Design Tools,https://docs.vectric.com/docs/V12.0/Aspire/ENU/Help/form/Extrude%20and%20Weave/index.html
Import 3D Model into Single or Two Sided Job,3D Design Tools,https://docs.vectric.com/docs/V12.0/Aspire/ENU/Help/form/Orientate%203D%20Model%20Flat/index.html
Import a Component or 3D Model,3D Design Tools,https://docs.vectric.com/docs/V12.0/Aspire/ENU/Help/form/import-a-component-or-3d-model/index.html
Importing a 3D Model into Rotary job,3D Design Tools,https://docs.vectric.com/docs/V12.0/Aspire/ENU/Help/form/Orientate%203D%20Model%20Rotary/index.html
Level Clipping,3D Design Tools,https://docs.vectric.com/docs/V12.0/Aspire/ENU/Help/form/level-clipping/index.html
Offset Model,3D Design Tools,https://docs.vectric.com/docs/V12.0/Aspire/ENU/Help/form/Offset%20Model/index.html
Positioning an Imported Model,3D Design Tools,https://docs.vectric.com/docs/V12.0/Aspire/ENU/Help/form/Position%203D%20Model/index.html
Replace Below,3D Design Tools,https://docs.vectric.com/docs/V12.0/Aspire/ENU/Help/form/Replace%20Below/index.html
Scale Model Height,3D Design Tools,https://docs.vectric.com/docs/V12.0/Aspire/ENU/Help/form/Scale%20Model%20Height/index.html
Sculpting,3D Design Tools,https://docs.vectric.com/docs/V12.0/Aspire/ENU/Help/form/Sculpting/index.html
Slice Model,3D Design Tools,https://docs.vectric.com/docs/V12.0/Aspire/ENU/Help/form/Slice%20Model/index.html
Smooth Components,3D Design Tools,https://docs.vectric.com/docs/V12.0/Aspire/ENU/Help/form/Smooth%20Components/index.html
Turn and Spin,3D Design Tools,https://docs.vectric.com/docs/V12.0/Aspire/ENU/Help/form/Turn%20and%20Spin/index.html
Two Rail Sweep,3D Design Tools,https://docs.vectric.com/docs/V12.0/Aspire/ENU/Help/form/Two%20Rail%20Sweep/index.html
Clipart Tab,Clipart,https://docs.vectric.com/docs/V12.0/Aspire/ENU/Help/form/Clipart%20Tab/index.html
Alignment Tools,Design,https://docs.vectric.com/docs/V12.0/Aspire/ENU/Help/form/Alignment%20Tools/index.html
Array Copy,Design,https://docs.vectric.com/docs/V12.0/Aspire/ENU/Help/form/Array%20Copy/index.html
Circular Copy,Design,https://docs.vectric.com/docs/V12.0/Aspire/ENU/Help/form/Circular%20Copy/index.html
Convert text to Curves,Design,https://docs.vectric.com/docs/V12.0/Aspire/ENU/Help/form/Convert%20Text%20To%20Curves/index.html
Copy Along Vectors,Design,https://docs.vectric.com/docs/V12.0/Aspire/ENU/Help/form/Copy%20Along%20Vectors/index.html
Copy Operation,Design,https://docs.vectric.com/docs/V12.0/Aspire/ENU/Help/form/copy-operation/index.html
Create Fillets,Design,https://docs.vectric.com/docs/V12.0/Aspire/ENU/Help/form/Create%20Fillets/index.html
Create Text,Design,https://docs.vectric.com/docs/V12.0/Aspire/ENU/Help/form/Create%20Text/index.html
Create a New File,Design,https://docs.vectric.com/docs/V12.0/Aspire/ENU/Help/form/create-a-new-file/index.html
Crop Bitmap,Design,https://docs.vectric.com/docs/V12.0/Aspire/ENU/Help/form/crop-bitmap/index.html
Cut Operation,Design,https://docs.vectric.com/docs/V12.0/Aspire/ENU/Help/form/cut-operation/index.html
Dimensions,Design,https://docs.vectric.com/docs/V12.0/Aspire/ENU/Help/form/Dimensions/index.html
Distort Object,Design,https://docs.vectric.com/docs/V12.0/Aspire/ENU/Help/form/Distort%20Object/index.html
Draw Arc,Design,https://docs.vectric.com/docs/V12.0/Aspire/ENU/Help/form/Create%20Arc/index.html
Draw Circle,Design,https://docs.vectric.com/docs/V12.0/Aspire/ENU/Help/form/Draw%20Circle/index.html
Draw Ellipse,Design,https://docs.vectric.com/docs/V12.0/Aspire/ENU/Help/form/Draw%20Ellipse/index.html
Draw Line,Design,https://docs.vectric.com/docs/V12.0/Aspire/ENU/Help/form/Create%20Line%20-%20Polyline/index.html
Draw Polygon,Design,https://docs.vectric.com/docs/V12.0/Aspire/ENU/Help/form/Draw%20Polygon/index.html
Draw Rectangle,Design,https://docs.vectric.com/docs/V12.0/Aspire/ENU/Help/form/Draw%20Rectangle/index.html
Draw Star,Design,https://docs.vectric.com/docs/V12.0/Aspire/ENU/Help/form/Draw%20Star/index.html
Edit Picture,Design,https://docs.vectric.com/docs/V12.0/Aspire/ENU/Help/form/Edit%20Picture/index.html
Extend Vectors,Design,https://docs.vectric.com/docs/V12.0/Aspire/ENU/Help/form/Extend%20Vectors/index.html
Fit Curves To Vectors,Design,https://docs.vectric.com/docs/V12.0/Aspire/ENU/Help/form/Fit%20Curves%20to%20Vectors/index.html
Freehand Drawing,Design,https://docs.vectric.com/docs/V12.0/Aspire/ENU/Help/form/Freehand%20Draw/index.html
Group Selected Objects,Design,https://docs.vectric.com/docs/V12.0/Aspire/ENU/Help/form/group-selected-objects/index.html
Grouping and Ungrouping,Design,https://docs.vectric.com/docs/V12.0/Aspire/ENU/Help/form/grouping-and-ungrouping/index.html
Import Bitmap / Vectors,Design,https://docs.vectric.com/docs/V12.0/Aspire/ENU/Help/form/import-vectors/index.html
Import Component / 3D Model,Design,https://docs.vectric.com/docs/V12.0/Aspire/ENU/Help/form/import-bitmap/index.html
Interactive Selection Mode,Design,https://docs.vectric.com/docs/V12.0/Aspire/ENU/Help/form/interactive-selection-mode/index.html
Interactive Vector Trim,Design,https://docs.vectric.com/docs/V12.0/Aspire/ENU/Help/form/Interactive%20Vector%20Trim/index.html
Join / Close Vector with a Smooth Curve,Design,https://docs.vectric.com/docs/V12.0/Aspire/ENU/Help/form/join-close-vector-with-a-smooth-curve/index.html
Join / Close Vector with a Straight Line,Design,https://docs.vectric.com/docs/V12.0/Aspire/ENU/Help/form/join-close-vector-with-a-straight-line/index.html
Join Open Vectors,Design,https://docs.vectric.com/docs/V12.0/Aspire/ENU/Help/form/Join%20Vectors/index.html
Join/Close by Moving End Points,Design,https://docs.vectric.com/docs/V12.0/Aspire/ENU/Help/form/join-close-by-moving-end-points/index.html
Measure - Inspect,Design,https://docs.vectric.com/docs/V12.0/Aspire/ENU/Help/form/Measure%20-%20Inspect/index.html
Mirror,Design,https://docs.vectric.com/docs/V12.0/Aspire/ENU/Help/form/Mirror/index.html
Move Selection,Design,https://docs.vectric.com/docs/V12.0/Aspire/ENU/Help/form/Move%20Selection/index.html
Nest Parts,Design,https://docs.vectric.com/docs/V12.0/Aspire/ENU/Help/form/Nest%20Parts/index.html
Node Editing Mode,Design,https://docs.vectric.com/docs/V12.0/Aspire/ENU/Help/form/node-editing-mode/index.html
Object Selection Tools,Design,https://docs.vectric.com/docs/V12.0/Aspire/ENU/Help/form/object-selection-tools/index.html
Offset Vectors,Design,https://docs.vectric.com/docs/V12.0/Aspire/ENU/Help/form/Offset%20Vectors/index.html
Open a File,Design,https://docs.vectric.com/docs/V12.0/Aspire/ENU/Help/form/open-a-file/index.html
Overlap Vectors,Design,https://docs.vectric.com/docs/V12.0/Aspire/ENU/Help/form/overlap-vectors/index.html
Paste Operation,Design,https://docs.vectric.com/docs/V12.0/Aspire/ENU/Help/form/paste-operation/index.html
Plate Production,Design,https://docs.vectric.com/docs/V12.0/Aspire/ENU/Help/form/Plate%20Production/index.html
Redo Operation,Design,https://docs.vectric.com/docs/V12.0/Aspire/ENU/Help/form/redo-operation/index.html
Rotate,Design,https://docs.vectric.com/docs/V12.0/Aspire/ENU/Help/form/Rotate/index.html
Save a File,Design,https://docs.vectric.com/docs/V12.0/Aspire/ENU/Help/form/save-a-file/index.html
Set Size,Design,https://docs.vectric.com/docs/V12.0/Aspire/ENU/Help/form/Set%20Size/index.html
Snapping Options Dialog,Design,https://docs.vectric.com/docs/V12.0/Aspire/ENU/Help/form/snapping-options-dialog/index.html
Subtract Vectors,Design,https://docs.vectric.com/docs/V12.0/Aspire/ENU/Help/form/subtract-vectors/index.html
Text On A Curve,Design,https://docs.vectric.com/docs/V12.0/Aspire/ENU/Help/form/Text%20On%20A%20Curve/index.html
Text Selection,Design,https://docs.vectric.com/docs/V12.0/Aspire/ENU/Help/form/Text%20Selection/index.html
Trace Bitmap,Design,https://docs.vectric.com/docs/V12.0/Aspire/ENU/Help/form/Trace%20Bitmap/index.html
Transform Mode,Design,https://docs.vectric.com/docs/V12.0/Aspire/ENU/Help/form/transform-mode/index.html
Trim Objects,Design,https://docs.vectric.com/docs/V12.0/Aspire/ENU/Help/form/Trim%20Objects/index.html
Undo Operation,Design,https://docs.vectric.com/docs/V12.0/Aspire/ENU/Help/form/undo-operation/index.html
Ungroup Selection,Design,https://docs.vectric.com/docs/V12.0/Aspire/ENU/Help/form/ungroup-selection/index.html
Vector Boundary,Design,https://docs.vectric.com/docs/V12.0/Aspire/ENU/Help/form/Vector%20Boundary/index.html
Vector Selection Mode,Design,https://docs.vectric.com/docs/V12.0/Aspire/ENU/Help/form/vector-selection-mode/index.html
Vector Texture,Design,https://docs.vectric.com/docs/V12.0/Aspire/ENU/Help/form/Create%20Vector%20Texture/index.html
Vector Unwrapper,Design,https://docs.vectric.com/docs/V12.0/Aspire/ENU/Help/form/Vector%20Unwrapper/index.html
Vector Validator,Design,https://docs.vectric.com/docs/V12.0/Aspire/ENU/Help/form/Vector%20Validator/index.html
Weld Vectors,Design,https://docs.vectric.com/docs/V12.0/Aspire/ENU/Help/form/weld-vectors/index.html
Getting Started: Online Machine Configuration,Getting Started,https://docs.vectric.com/docs/V12.0/Aspire/ENU/Help/form/getting-started-online-machine-configuration/index.html
How to Get Started,Getting Started,https://docs.vectric.com/docs/V12.0/Aspire/ENU/Help/form/how-to-get-started/index.html
Kickstarter Wizard,Getting Started,https://docs.vectric.com/docs/V12.0/Aspire/ENU/Help/form/kickstarter-wizard/index.html
License Dialog,Getting Started,https://docs.vectric.com/docs/V12.0/Aspire/ENU/Help/form/license-dialog/index.html
License Registration,Getting Started,https://docs.vectric.com/docs/V12.0/Aspire/ENU/Help/form/license-registration/index.html
Manual Machine Configuration,Getting Started,https://docs.vectric.com/docs/V12.0/Aspire/ENU/Help/form/manual-machine-configuration/index.html
Migration Dialog,Getting Started,https://docs.vectric.com/docs/V12.0/Aspire/ENU/Help/form/uiMigrationDialog/index.html
Signing In,Getting Started,https://docs.vectric.com/docs/V12.0/Aspire/ENU/Help/form/signing-in/index.html
2D View Controls,Interface,https://docs.vectric.com/docs/V12.0/Aspire/ENU/Help/form/2d-view-controls/index.html
3D View Controls,Interface,https://docs.vectric.com/docs/V12.0/Aspire/ENU/Help/form/3d-view-controls/index.html
Calculation Edit Boxes,Interface,https://docs.vectric.com/docs/V12.0/Aspire/ENU/Help/form/calculation-edit-boxes/index.html
Document Variables,Interface,https://docs.vectric.com/docs/V12.0/Aspire/ENU/Help/form/document-variables/index.html
Edit Sheet - Double Sided,Interface,https://docs.vectric.com/docs/V12.0/Aspire/ENU/Help/form/Sheet%20Edit%20Double/index.html
Edit Sheet - Rotary,Interface,https://docs.vectric.com/docs/V12.0/Aspire/ENU/Help/form/Sheet%20Edit%20Rotary/index.html
Edit Sheet - Single Sided,Interface,https://docs.vectric.com/docs/V12.0/Aspire/ENU/Help/form/Sheet%20Edit%20Single/index.html
Edit Sheet,Interface,https://docs.vectric.com/docs/V12.0/Aspire/ENU/Help/form/uiSheetEditorForm/index.html
File Types,Interface,https://docs.vectric.com/docs/V12.0/Aspire/ENU/Help/form/file-types/index.html
Job Setup - Double Sided,Interface,https://docs.vectric.com/docs/V12.0/Aspire/ENU/Help/form/Job%20Setup%20Double/index.html
Job Setup - Rotary,Interface,https://docs.vectric.com/docs/V12.0/Aspire/ENU/Help/form/Job%20Setup%20Rotary/index.html
Job Setup - Single Sided,Interface,https://docs.vectric.com/docs/V12.0/Aspire/ENU/Help/form/Job%20Setup%20Single/index.html
Job Setup,Interface,https://docs.vectric.com/docs/V12.0/Aspire/ENU/Help/form/uiSheetForm/index.html
Job Templates,Interface,https://docs.vectric.com/docs/V12.0/Aspire/ENU/Help/form/job-templates/index.html
Options Dialog,Interface,https://docs.vectric.com/docs/V12.0/Aspire/ENU/Help/form/options-dialog/index.html
PDF Export,Interface,https://docs.vectric.com/docs/V12.0/Aspire/ENU/Help/form/uiPdfExportDialog/index.html
Sheet Management,Interface,https://docs.vectric.com/docs/V12.0/Aspire/ENU/Help/form/SheetManagement/index.html
Sheets Tab,Interface,https://docs.vectric.com/docs/V12.0/Aspire/ENU/Help/form/Sheet%20Management/index.html
SketchUp Files,Interface,https://docs.vectric.com/docs/V12.0/Aspire/ENU/Help/form/sketchup-files/index.html
View Controls,Interface,https://docs.vectric.com/docs/V12.0/Aspire/ENU/Help/form/view-controls/index.html
View Toolbar,Interface,https://docs.vectric.com/docs/V12.0/Aspire/ENU/Help/form/view-toolbar/index.html
Layer Management,Layers,https://docs.vectric.com/docs/V12.0/Aspire/ENU/Help/form/Layer%20Management/index.html
Edit,Menus,https://docs.vectric.com/docs/V12.0/Aspire/ENU/Help/form/edit-menu/index.html
File,Menus,https://docs.vectric.com/docs/V12.0/Aspire/ENU/Help/form/file-menu/index.html
Gadgets,Menus,https://docs.vectric.com/docs/V12.0/Aspire/ENU/Help/form/gadgets/index.html
Help,Menus,https://docs.vectric.com/docs/V12.0/Aspire/ENU/Help/form/help-menu/index.html
Machine,Menus,https://docs.vectric.com/docs/V12.0/Aspire/ENU/Help/form/machine-menu/index.html
Model,Menus,https://docs.vectric.com/docs/V12.0/Aspire/ENU/Help/form/model-menu/index.html
Right Mouse Click Menu,Menus,https://docs.vectric.com/docs/V12.0/Aspire/ENU/Help/form/right-mouse-click-menus/index.html
Toolpaths,Menus,https://docs.vectric.com/docs/V12.0/Aspire/ENU/Help/form/toolpaths-menu/index.html
View,Menus,https://docs.vectric.com/docs/V12.0/Aspire/ENU/Help/form/view-menu/index.html
Adapting a post-processor for Lasers,Modules,https://docs.vectric.com/docs/V12.0/Aspire/ENU/Help/form/adapting-a-post-processor-for-lasers/index.html
Laser Module,Modules,https://docs.vectric.com/docs/V12.0/Aspire/ENU/Help/form/laser-module/index.html
VTransfer,Modules,https://docs.vectric.com/docs/V12.0/Aspire/ENU/Help/form/vtransfer/index.html
Celtic Weave Creator,Preinstalled Gadgets,https://docs.vectric.com/docs/V12.0/Aspire/ENU/Help/form/celtic-weave-creator/index.html
Create Rounding Toolpath,Preinstalled Gadgets,https://docs.vectric.com/docs/V12.0/Aspire/ENU/Help/form/create-rounding-toolpath/index.html
Drag Knife Toolpath,Preinstalled Gadgets,https://docs.vectric.com/docs/V12.0/Aspire/ENU/Help/form/drag-knife-toolpath/index.html
Job Setup Sheet Editor,Preinstalled Gadgets,https://docs.vectric.com/docs/V12.0/Aspire/ENU/Help/form/job-setup-sheet-editor/index.html
Keyhole Toolpath,Preinstalled Gadgets,https://docs.vectric.com/docs/V12.0/Aspire/ENU/Help/form/keyhole-toolpath/index.html
Wrapped Fluting Layout,Preinstalled Gadgets,https://docs.vectric.com/docs/V12.0/Aspire/ENU/Help/form/wrapped-fluting-layout/index.html
Wrapped Spiral Layout,Preinstalled Gadgets,https://docs.vectric.com/docs/V12.0/Aspire/ENU/Help/form/wrapped-spiral-layout/index.html
Create Job Sheet,"Tooling, Machines and Saving",https://docs.vectric.com/docs/V12.0/Aspire/ENU/Help/form/create-job-sheet/index.html
Estimating Machining Times,"Tooling, Machines and Saving",https://docs.vectric.com/docs/V12.0/Aspire/ENU/Help/form/Toolpaths%20Summary/index.html
Keep-out Zones,"Tooling, Machines and Saving",https://docs.vectric.com/docs/V12.0/Aspire/ENU/Help/form/KeepOutZonesForm/index.html
Machine Configuration Management,"Tooling, Machines and Saving",https://docs.vectric.com/docs/V12.0/Aspire/ENU/Help/form/tool-database-machine-management/index.html
Material Management,"Tooling, Machines and Saving",https://docs.vectric.com/docs/V12.0/Aspire/ENU/Help/form/tool-database-material-management/index.html
Post-Processor Change Log,"Tooling, Machines and Saving",https://docs.vectric.com/docs/V12.0/Aspire/ENU/Help/form/post-processor-change-log/index.html
Post-Processor Content,"Tooling, Machines and Saving",https://docs.vectric.com/docs/V12.0/Aspire/ENU/Help/form/post-processor-content/index.html
Post-Processor Management,"Tooling, Machines and Saving",https://docs.vectric.com/docs/V12.0/Aspire/ENU/Help/form/post-processor-management/index.html
Save Toolpaths,"Tooling, Machines and Saving",https://docs.vectric.com/docs/V12.0/Aspire/ENU/Help/form/Save%20Toolpaths/index.html
Search for Machine Online,"Tooling, Machines and Saving",https://docs.vectric.com/docs/V12.0/Aspire/ENU/Help/form/search-for-machine-online/index.html
Tool Database,"Tooling, Machines and Saving",https://docs.vectric.com/docs/V12.0/Aspire/ENU/Help/form/Tool%20Database/index.html
Tool Database - Cloud Version Selector,"Tooling, Machines and Saving",https://docs.vectric.com/docs/V12.0/Aspire/ENU/Help/form/tool-database-cloud-version-selector/index.html
Tool Database - Custom Naming Variables,"Tooling, Machines and Saving",https://docs.vectric.com/docs/V12.0/Aspire/ENU/Help/form/tool-database-custom-naming-variables/index.html
Tool Database - Name Format,"Tooling, Machines and Saving",https://docs.vectric.com/docs/V12.0/Aspire/ENU/Help/form/tool-database-name-format/index.html
Tool Database - Remote Tool Databases,"Tooling, Machines and Saving",https://docs.vectric.com/docs/V12.0/Aspire/ENU/Help/form/remote-tool-databases/index.html
Toolpath Tiling Manager,"Tooling, Machines and Saving",https://docs.vectric.com/docs/V12.0/Aspire/ENU/Help/form/toolpath-tiling-manager/index.html
2D Profile Toolpath,Toolpaths,https://docs.vectric.com/docs/V12.0/Aspire/ENU/Help/form/uiProfileMachineForm/index.html
3D Finish Toolpath,Toolpaths,https://docs.vectric.com/docs/V12.0/Aspire/ENU/Help/form/Finish%20Machining%20Toolpath/index.html
3D Rough Toolpath,Toolpaths,https://docs.vectric.com/docs/V12.0/Aspire/ENU/Help/form/Rough%20Machining%20Toolpath/index.html
Array Copy Toolpath,Toolpaths,https://docs.vectric.com/docs/V12.0/Aspire/ENU/Help/form/Create%20Array%20Copy%20Toolpath/index.html
Chamfer Toolpath,Toolpaths,https://docs.vectric.com/docs/V12.0/Aspire/ENU/Help/form/ChamferStrategy/index.html
Delete Toolpath,Toolpaths,https://docs.vectric.com/docs/V12.0/Aspire/ENU/Help/form/delete-toolpath/index.html
Drilling Toolpaths,Toolpaths,https://docs.vectric.com/docs/V12.0/Aspire/ENU/Help/form/Drilling%20Toolpath/index.html
Duplicate Toolpath,Toolpaths,https://docs.vectric.com/docs/V12.0/Aspire/ENU/Help/form/duplicate-toolpath/index.html
Edit Toolpath,Toolpaths,https://docs.vectric.com/docs/V12.0/Aspire/ENU/Help/form/edit-toolpath/index.html
Female Inlay - Pocket,Toolpaths,https://docs.vectric.com/docs/V12.0/Aspire/ENU/Help/form/uiPocketMachineFormInlay/index.html
Fluting Toolpath,Toolpaths,https://docs.vectric.com/docs/V12.0/Aspire/ENU/Help/form/Fluting%20Toolpath/index.html
Inlay Toolpath,Toolpaths,https://docs.vectric.com/docs/V12.0/Aspire/ENU/Help/form/Create%20Inlay%20Toolpath/index.html
Laser Cut And Fill,Toolpaths,https://docs.vectric.com/docs/V12.0/Aspire/ENU/Help/form/Laser%20Cut%20-%20Fill/index.html
Laser Picture,Toolpaths,https://docs.vectric.com/docs/V12.0/Aspire/ENU/Help/form/Laser%20Picture/index.html
Load Toolpath Template,Toolpaths,https://docs.vectric.com/docs/V12.0/Aspire/ENU/Help/form/load-toolpath-template/index.html
Material Setup,Toolpaths,https://docs.vectric.com/docs/V12.0/Aspire/ENU/Help/form/Material%20Setup/index.html
Material Setup - Flat,Toolpaths,https://docs.vectric.com/docs/V12.0/Aspire/ENU/Help/form/material-setup-flat/index.html
Material Setup - Rotary,Toolpaths,https://docs.vectric.com/docs/V12.0/Aspire/ENU/Help/form/material-setup-rotary/index.html
Merged Toolpath,Toolpaths,https://docs.vectric.com/docs/V12.0/Aspire/ENU/Help/form/Create%20Merged%20Toolpath/index.html
Moulding Toolpath,Toolpaths,https://docs.vectric.com/docs/V12.0/Aspire/ENU/Help/form/uiExtrudedToolpathForm/index.html
Photo V-Carve Toolpath,Toolpaths,https://docs.vectric.com/docs/V12.0/Aspire/ENU/Help/form/PhotoVCarveStrategy/index.html
Pocketing Toolpath,Toolpaths,https://docs.vectric.com/docs/V12.0/Aspire/ENU/Help/form/uiPocketMachineForm/index.html
Preview Toolpaths,Toolpaths,https://docs.vectric.com/docs/V12.0/Aspire/ENU/Help/form/Preview%20Toolpaths/index.html
Prism Carving Toolpath,Toolpaths,https://docs.vectric.com/docs/V12.0/Aspire/ENU/Help/form/Prism%20Carving%20Toolpath/index.html
Quick Engraving Toolpath,Toolpaths,https://docs.vectric.com/docs/V12.0/Aspire/ENU/Help/form/Quick%20Engrave/index.html
Recalculate All Toolpaths,Toolpaths,https://docs.vectric.com/docs/V12.0/Aspire/ENU/Help/form/recalculate-all-toolpaths/index.html
Save All Visible Toolpaths as a Template,Toolpaths,https://docs.vectric.com/docs/V12.0/Aspire/ENU/Help/form/save-all-visible-toolpaths-as-a-template/index.html
Save Toolpath Template,Toolpaths,https://docs.vectric.com/docs/V12.0/Aspire/ENU/Help/form/save-toolpath-template/index.html
Sketch Carving,Toolpaths,https://docs.vectric.com/docs/V12.0/Aspire/ENU/Help/form/SketchCarvingForm/index.html
Texture Toolpath,Toolpaths,https://docs.vectric.com/docs/V12.0/Aspire/ENU/Help/form/Texture%20Toolpath/index.html
Thread Milling Toolpath,Toolpaths,https://docs.vectric.com/docs/V12.0/Aspire/ENU/Help/form/ThreadMillingStrategy/index.html
Toolpath Tabs,Toolpaths,https://docs.vectric.com/docs/V12.0/Aspire/ENU/Help/form/Toolpath%20Tabs/index.html
Toolpath Templates,Toolpaths,https://docs.vectric.com/docs/V12.0/Aspire/ENU/Help/form/toolpath-templates/index.html
Toolpath Tree,Toolpaths,https://docs.vectric.com/docs/V12.0/Aspire/ENU/Help/form/toolpath-list/index.html
V-Carve Toolpath,Toolpaths,https://docs.vectric.com/docs/V12.0/Aspire/ENU/Help/form/VCarve%20Toolpath%20Creator/index.html
VCarve Inlay Toolpath,Toolpaths,https://docs.vectric.com/docs/V12.0/Aspire/ENU/Help/form/VCarve%20Inlay%20Toolpath/index.html
VCarve Inlay Toolpath - Plug,Toolpaths,https://docs.vectric.com/docs/V12.0/Aspire/ENU/Help/form/vcarve-inlay-toolpath-plug/index.html
VCarve Inlay Toolpath - Pocket,Toolpaths,https://docs.vectric.com/docs/V12.0/Aspire/ENU/Help/form/vcarve-inlay-toolpath-pocket/index.html
Vector Selector,Toolpaths,https://docs.vectric.com/docs/V12.0/Aspire/ENU/Help/form/vector-selector/index.html
01\. Interface Overview,User Guides,https://docs.vectric.com/docs/V12.0/Aspire/ENU/Help/form/interface-overview/index.html
02\. Getting Started - Introduction,User Guides,https://docs.vectric.com/docs/V12.0/Aspire/ENU/Help/form/02-getting-started-introduction/index.html
03\. Getting Started - The CNC Workflow,User Guides,https://docs.vectric.com/docs/V12.0/Aspire/ENU/Help/form/03-getting-started-the-cnc-workflow/index.html
04\. Getting Started - One-Time Setup,User Guides,https://docs.vectric.com/docs/V12.0/Aspire/ENU/Help/form/04-getting-started-one-time-setup/index.html
05\. Getting Started - Example Project,User Guides,https://docs.vectric.com/docs/V12.0/Aspire/ENU/Help/form/05-getting-started-example-project/index.html
06\. Intermediate - 2D Design and Management,User Guides,https://docs.vectric.com/docs/V12.0/Aspire/ENU/Help/form/2d-design-and-management/index.html
07\. Intermediate - 3D Design and Management,User Guides,https://docs.vectric.com/docs/V12.0/Aspire/ENU/Help/form/3d-design-and-management/index.html
08\. Intermediate - Creating a Rotary Job,User Guides,https://docs.vectric.com/docs/V12.0/Aspire/ENU/Help/form/creating-a-rotary-job/index.html
09\. Intermediate - Simple Rotary Modelling using 2D Toolpaths,User Guides,https://docs.vectric.com/docs/V12.0/Aspire/ENU/Help/form/simple-rotary-modelling-using-2d-toolpaths/index.html
10\. Advanced - Rotary Machining and Wrapping,User Guides,https://docs.vectric.com/docs/V12.0/Aspire/ENU/Help/form/rotary-machining-and-wrapping/index.html
11\. Advanced - Importing External Models in a Rotary Project,User Guides,https://docs.vectric.com/docs/V12.0/Aspire/ENU/Help/form/importing-external-models-in-a-rotary-project/index.html
12\. Advanced - Modelling 3D Rotary Projects,User Guides,https://docs.vectric.com/docs/V12.0/Aspire/ENU/Help/form/modelling-3d-rotary-projects/index.html
13\. Advanced - Advanced Modelling of 3D Rotary Projects,User Guides,https://docs.vectric.com/docs/V12.0/Aspire/ENU/Help/form/advanced-modelling-of-3d-rotary-projects/index.html
14\. Advanced - Imported 3D Toolpath Files,User Guides,https://docs.vectric.com/docs/V12.0/Aspire/ENU/Help/form/3d-toolpath-files/index.html
15\. Advanced - Post-Processor Editing,User Guides,https://docs.vectric.com/docs/V12.0/Aspire/ENU/Help/form/post-processor-editing/index.html
Crash Handling,User Guides,https://docs.vectric.com/docs/V12.0/Aspire/ENU/Help/form/crash-handling/index.html
General Workflow,User Guides,https://docs.vectric.com/docs/V12.0/Aspire/ENU/Help/form/general-workflow/index.html
Migrating Post-Processor POST\_BASE,User Guides,https://docs.vectric.com/docs/V12.0/Aspire/ENU/Help/form/migrating-post-processor-post_base/index.html
